first_name,last_name,loginMae,White,WhiteMElaine,Mccormick,MccormickEBonnie,Potter,PotterBDixie,Collier,CollierDLeona,Warren,WarrenLKate,Walters,WaltersKIsabel,Patrick,PatrickIRoy,Graves,GravesRPat,Klein,KleinPAngel,Santiago,SantiagoAPaula,Wise,WisePTracey,Roy,RoyTDexter,Lloyd,LloydDFrankie,Andrews,AndrewsFDarin,Lambert,LambertDBennie,Burgess,BurgessBLucy,Sherman,ShermanLElbert,Elliott,ElliottE